【優勝記念☆買回りP倍！】ルイヴィトン 長財布 エピ ジッピー ウォレット M61857 LOUIS VUITTON ヴィトン 財布 メンズ	https://item.rakuten.co.jp/watch-timezone/m61857/	ブランド腕時計専門店タイムゾーン	https://www.rakuten.co.jp/watch-timezone/	97,900円	【優勝記念☆買回りP倍！】ルイヴィトン 長財布 エピ ジッピー ウォレット M61857 LOUIS VUITTON ヴィトン 財布 メンズ 	https://item.rakuten.co.jp/osaka-brand/m61857/?l2-id=pdt_shoplist_title#10074512	大阪のブランド屋さん	https://item.rakuten.co.jp/osaka-brand/m61857/?l2-id=pdt_shoplist_stext#10074512	97,500 円
【優勝記念☆買回りP倍！】ルイヴィトン 長財布 エピ ジッピー ウォレット M61857 LOUIS VUITTON ヴィトン 財布 メンズ	https://item.rakuten.co.jp/watch-timezone/m61857/	ブランド腕時計専門店タイムゾーン	https://www.rakuten.co.jp/watch-timezone/	97,900円	【優勝記念☆買回りP倍！】ルイヴィトン 長財布 エピ ジッピー ウォレット M61857 LOUIS VUITTON ヴィトン 財布 メンズ （7件） 	https://item.rakuten.co.jp/watch-timezone/m61857/?l2-id=pdt_shoplist_title#10040033	ブランド腕時計専門店タイムゾーン	https://item.rakuten.co.jp/watch-timezone/m61857/?l2-id=pdt_shoplist_stext#10040033	97,900 円
【優勝記念☆買回りP倍！】ルイヴィトン 長財布 エピ ジッピー ウォレット M61857 LOUIS VUITTON ヴィトン 財布 メンズ	https://item.rakuten.co.jp/watch-timezone/m61857/	ブランド腕時計専門店タイムゾーン	https://www.rakuten.co.jp/watch-timezone/	97,900円	【優勝記念☆買回りP倍！】ルイヴィトン 長財布 エピ ジッピー ウォレット M61857 LOUIS VUITTON ヴィトン 財布 メンズ （4件） 	https://item.rakuten.co.jp/grare/m61857/?l2-id=pdt_shoplist_title#11479945	ギャラリーレア楽天市場店	https://item.rakuten.co.jp/grare/m61857/?l2-id=pdt_shoplist_stext#11479945	98,000 円
【優勝記念☆買回りP倍！】ルイヴィトン 長財布 エピ ジッピー ウォレット M61857 LOUIS VUITTON ヴィトン 財布 メンズ	https://item.rakuten.co.jp/watch-timezone/m61857/	ブランド腕時計専門店タイムゾーン	https://www.rakuten.co.jp/watch-timezone/	97,900円	ルイヴィトン LOUIS VUITTON ラウンドファスナー長財布 M61857 ノワール 	https://item.rakuten.co.jp/happinessandd/3249100337/?l2-id=pdt_shoplist_title#10055513	ブランドショップハピネス	https://item.rakuten.co.jp/happinessandd/3249100337/?l2-id=pdt_shoplist_stext#10055513	101,520 円
【優勝記念☆買回りP倍！】ルイヴィトン 長財布 エピ ジッピー ウォレット M61857 LOUIS VUITTON ヴィトン 財布 メンズ	https://item.rakuten.co.jp/watch-timezone/m61857/	ブランド腕時計専門店タイムゾーン	https://www.rakuten.co.jp/watch-timezone/	97,900円	LOUIS VUITTON ルイヴィトン 長財布 M61857 エピ ジッピー・ウォレット 	https://item.rakuten.co.jp/lovelove/2700001317258/?l2-id=pdt_shoplist_title#10514643	GINZA LoveLove（銀座ラブラブ）	https://item.rakuten.co.jp/lovelove/2700001317258/?l2-id=pdt_shoplist_stext#10514643	104,600 円
【優勝記念☆買回りP倍！】ルイヴィトン 長財布 エピ ジッピー ウォレット M61857 LOUIS VUITTON ヴィトン 財布 メンズ	https://item.rakuten.co.jp/watch-timezone/m61857/	ブランド腕時計専門店タイムゾーン	https://www.rakuten.co.jp/watch-timezone/	97,900円	LOUIS　VUITTON　ルイヴィトン　エピ　ジッピー・ウォレット　長財布　ノワール　M61857【送料無料】【05P03Dec16】 	https://item.rakuten.co.jp/j-sekine/10011698/?l2-id=pdt_shoplist_title#10011698	ジュエリーセキネ	https://item.rakuten.co.jp/j-sekine/10011698/?l2-id=pdt_shoplist_stext#10011698	105,840 円
【優勝記念☆買回りP倍！】ルイヴィトン 長財布 エピ ジッピー ウォレット M61857 LOUIS VUITTON ヴィトン 財布 メンズ	https://item.rakuten.co.jp/watch-timezone/m61857/	ブランド腕時計専門店タイムゾーン	https://www.rakuten.co.jp/watch-timezone/	97,900円	【父の日 父の日ギフト】 ルイヴィトン 財布 長財布 LOUISVUITTON 新品 メンズ レディース ラウンドファスナー ジッピー・ウォレット エピ ノワール M61857(旧品番M60072) 正規品 セール 送料無料ブランド 新作 2018年 （19件） 	https://item.rakuten.co.jp/cavatina/vuitton-540/?l2-id=pdt_shoplist_title#10004839	ワールドギフト　カヴァティーナ	https://item.rakuten.co.jp/cavatina/vuitton-540/?l2-id=pdt_shoplist_stext#10004839	128,900 円
【優勝記念☆買回りP倍！】ルイヴィトン 長財布 エピ ジッピー ウォレット M61857 LOUIS VUITTON ヴィトン 財布 メンズ	https://item.rakuten.co.jp/watch-timezone/m61857/	ブランド腕時計専門店タイムゾーン	https://www.rakuten.co.jp/watch-timezone/	97,900円	【父の日 父の日ギフト】 ルイヴィトン 財布 長財布 ラウンドファスナー M61857(旧品番M60072) エピ ノワール ジッピーウォレット メンズ レディース louisvuitton 正規品 セール 送料無料 新品 ブランド 2018 	https://item.rakuten.co.jp/w-import/vuitton-540/?l2-id=pdt_shoplist_title#10007910	ワールドインポート 楽天市場店	https://item.rakuten.co.jp/w-import/vuitton-540/?l2-id=pdt_shoplist_stext#10007910	128,900 円
【優勝記念☆買回りP倍！】ルイヴィトン 長財布 エピ ジッピー ウォレット M61857 LOUIS VUITTON ヴィトン 財布 メンズ	https://item.rakuten.co.jp/watch-timezone/m61857/	ブランド腕時計専門店タイムゾーン	https://www.rakuten.co.jp/watch-timezone/	97,900円	ルイヴィトン 長財布 LOUIS VUITTON ラウンドファスナー ジッピー ウォレット エピ ノワール M61857【ルイ・ヴィトン ヴィトン BOX 保存袋 紙袋付 新品】 	https://item.rakuten.co.jp/2nd-stage/m61857/?l2-id=pdt_shoplist_title#10008561	Brand Selection STAGE	https://item.rakuten.co.jp/2nd-stage/m61857/?l2-id=pdt_shoplist_stext#10008561	136,400 円
【優勝記念☆買回りP倍！】ルイヴィトン 長財布 エピ ジッピー ウォレット M61857 LOUIS VUITTON ヴィトン 財布 メンズ	https://item.rakuten.co.jp/watch-timezone/m61857/	ブランド腕時計専門店タイムゾーン	https://www.rakuten.co.jp/watch-timezone/	97,900円					49,800 円
【選べる可愛い実用的プレゼント付】 Dakota ダコタ 財布アプローズ がま口二つ折り財布 0035180(革のお手入れ方法本付)レディース 財布 本革 ポイント10倍 レトロデザイン ギフト 可愛い プレゼント	https://item.rakuten.co.jp/sentire/0035180/	こだわりのブランド Sentire-One	https://www.rakuten.co.jp/sentire/	16,200円	【RカードでP14倍★5／30(水)0:00〜24H限定】もれなく選べるノベルティプレゼント★ダコタ Dakota アプローズ 二つ折り財布 がま口 レディース 35180 サイフ 0035180 （9件） 	https://item.rakuten.co.jp/galleria/0035180/?l2-id=pdt_shoplist_title#10011840	ギャレリア Bag＆Luggage	https://item.rakuten.co.jp/galleria/0035180/?l2-id=pdt_shoplist_stext#10011840	16,200 円
【選べる可愛い実用的プレゼント付】 Dakota ダコタ 財布アプローズ がま口二つ折り財布 0035180(革のお手入れ方法本付)レディース 財布 本革 ポイント10倍 レトロデザイン ギフト 可愛い プレゼント	https://item.rakuten.co.jp/sentire/0035180/	こだわりのブランド Sentire-One	https://www.rakuten.co.jp/sentire/	16,200円	【選べる可愛い実用的プレゼント付】 Dakota ダコタ 財布アプローズ がま口二つ折り財布 0035180(革のお手入れ方法本付)レディース 財布 本革 ポイント10倍 レトロデザイン ギフト 可愛い プレゼント （93件） 	https://item.rakuten.co.jp/sentire/0035180/?l2-id=pdt_shoplist_title#10008322	こだわりのブランド Sentire-One	https://item.rakuten.co.jp/sentire/0035180/?l2-id=pdt_shoplist_stext#10008322	16,200 円
【選べる可愛い実用的プレゼント付】 Dakota ダコタ 長財布モデルノ 小銭入れ付き 長財布 L字ファスナー式（L型） 0035086 （0034086）(革のお手入れ方法本付)レディース財布 長財布（小銭入れあり） ポイント10倍 ギフト 可愛い プレゼント	https://item.rakuten.co.jp/sentire/0034086/	こだわりのブランド Sentire-One	https://www.rakuten.co.jp/sentire/	12,960円	【RカードでP14倍★5／30(水)0:00〜24H限定】もれなく選べるノベルティプレゼント★Dakota ダコタ 財布 ダコタ 長財布 dakota 財布 モデルノ L字ファスナー レディース レザー 本革 0035086 (0034086) 35086 （43件） 	https://item.rakuten.co.jp/galleria/0035086/?l2-id=pdt_shoplist_title#10012403	ギャレリア Bag＆Luggage	https://item.rakuten.co.jp/galleria/0035086/?l2-id=pdt_shoplist_stext#10012403	12,960 円
【選べる可愛い実用的プレゼント付】 Dakota ダコタ 長財布モデルノ 小銭入れ付き 長財布 L字ファスナー式（L型） 0035086 （0034086）(革のお手入れ方法本付)レディース財布 長財布（小銭入れあり） ポイント10倍 ギフト 可愛い プレゼント	https://item.rakuten.co.jp/sentire/0034086/	こだわりのブランド Sentire-One	https://www.rakuten.co.jp/sentire/	12,960円	【選べる可愛い実用的プレゼント付】 Dakota ダコタ 長財布モデルノ 小銭入れ付き 長財布 L字ファスナー式（L型） 0035086 （0034086）(革のお手入れ方法本付)レディース財布 長財布（小銭入れあり） ポイント10倍 ギフト 可愛い プレゼント （626件） 	https://item.rakuten.co.jp/sentire/0034086/?l2-id=pdt_shoplist_title#10004823	こだわりのブランド Sentire-One	https://item.rakuten.co.jp/sentire/0034086/?l2-id=pdt_shoplist_stext#10004823	12,960 円
ケイトスペード 長財布 レディース ピンクベージュ ブラック PWRU5073 913	https://item.rakuten.co.jp/culture/ks-pwru5073-913/	ブランドショップ AXES	https://www.rakuten.co.jp/culture/	17,800円	ケイトスペード 長財布 レディース ピンクベージュ ブラック PWRU5073 913 （12件） 	https://item.rakuten.co.jp/culture/ks-pwru5073-913/?l2-id=pdt_shoplist_title#10214985	ブランドショップ AXES	https://item.rakuten.co.jp/culture/ks-pwru5073-913/?l2-id=pdt_shoplist_stext#10214985	17,800 円
オーストリッチ ラウンド ファスナー 長財布 レディース 全19色 送料無料　レディース財布	https://item.rakuten.co.jp/sankyo/3113r/	三京商会 ファー コート 財布 毛皮	https://www.rakuten.co.jp/sankyo/	8,640円	オーストリッチ ラウンド ファスナー 長財布 レディース 全19色 送料無料　レディース財布 （2,336件） 	https://item.rakuten.co.jp/sankyo/3113r/?l2-id=pdt_shoplist_title#10011541	三京商会 ファー コート 財布 毛皮	https://item.rakuten.co.jp/sankyo/3113r/?l2-id=pdt_shoplist_stext#10011541	8,640 円
【優勝記念☆買回りP倍！】ルイヴィトン 長財布 モノグラム ポルトフォイユ・クレマンス M60742 LOUIS VUITTON ヴィトン 財布	https://item.rakuten.co.jp/grare/m60742/	ギャラリーレア楽天市場店	https://www.rakuten.co.jp/grare/	59,800円	【優勝記念☆買回りP倍！】ルイヴィトン 長財布 モノグラム ポルトフォイユ・クレマンス M60742 LOUIS VUITTON ヴィトン 財布 （1件） 	https://item.rakuten.co.jp/osaka-brand/m60742/?l2-id=pdt_shoplist_title#10059037	大阪のブランド屋さん	https://item.rakuten.co.jp/osaka-brand/m60742/?l2-id=pdt_shoplist_stext#10059037	59,300 円
【優勝記念☆買回りP倍！】ルイヴィトン 長財布 モノグラム ポルトフォイユ・クレマンス M60742 LOUIS VUITTON ヴィトン 財布	https://item.rakuten.co.jp/grare/m60742/	ギャラリーレア楽天市場店	https://www.rakuten.co.jp/grare/	59,800円	【優勝記念☆買回りP倍！】ルイヴィトン 長財布 モノグラム ポルトフォイユ・クレマンス M60742 LOUIS VUITTON ヴィトン 財布 （2件） 	https://item.rakuten.co.jp/grare/m60742/?l2-id=pdt_shoplist_title#11459497	ギャラリーレア楽天市場店	https://item.rakuten.co.jp/grare/m60742/?l2-id=pdt_shoplist_stext#11459497	59,800 円
【優勝記念☆買回りP倍！】ルイヴィトン 長財布 モノグラム ポルトフォイユ・クレマンス M60742 LOUIS VUITTON ヴィトン 財布	https://item.rakuten.co.jp/grare/m60742/	ギャラリーレア楽天市場店	https://www.rakuten.co.jp/grare/	59,800円	ルイヴィトン LOUIS VUITTON ラウンドファスナー長財布 M60742 （1件） 	https://item.rakuten.co.jp/happinessandd/3249100186/?l2-id=pdt_shoplist_title#10018654	ブランドショップハピネス	https://item.rakuten.co.jp/happinessandd/3249100186/?l2-id=pdt_shoplist_stext#10018654	60,480 円
【優勝記念☆買回りP倍！】ルイヴィトン 長財布 モノグラム ポルトフォイユ・クレマンス M60742 LOUIS VUITTON ヴィトン 財布	https://item.rakuten.co.jp/grare/m60742/	ギャラリーレア楽天市場店	https://www.rakuten.co.jp/grare/	59,800円	LOUIS　VUITTON 　ルイ ヴィトン　モノグラム　ラウンドファスナー長財布　ポルトフォイユ　クレマンス　フューシャ　M60742【送料無料】 	https://item.rakuten.co.jp/j-sekine/10008268/?l2-id=pdt_shoplist_title#10008268	ジュエリーセキネ	https://item.rakuten.co.jp/j-sekine/10008268/?l2-id=pdt_shoplist_stext#10008268	63,720 円
【優勝記念☆買回りP倍！】ルイヴィトン 長財布 モノグラム ポルトフォイユ・クレマンス M60742 LOUIS VUITTON ヴィトン 財布	https://item.rakuten.co.jp/grare/m60742/	ギャラリーレア楽天市場店	https://www.rakuten.co.jp/grare/	59,800円	【ポイント6倍以上！】ルイヴィトン　財布　M62647　LOUIS VUITTON　ヴィトン　LV　モノグラム　ラウンドファスナー長財布　ポルトフォイユ・クレマンス　フリージア【あす楽対応】【smtb-k】【w2】【YDKG-tk】【RCP】 楽天カード分割 	https://item.rakuten.co.jp/kaitsukedoh/m62647/?l2-id=pdt_shoplist_title#10018954	買付道-JJブランド専科-	https://item.rakuten.co.jp/kaitsukedoh/m62647/?l2-id=pdt_shoplist_stext#10018954	64,800 円
【優勝記念☆買回りP倍！】ルイヴィトン 長財布 モノグラム ポルトフォイユ・クレマンス M60742 LOUIS VUITTON ヴィトン 財布	https://item.rakuten.co.jp/grare/m60742/	ギャラリーレア楽天市場店	https://www.rakuten.co.jp/grare/	59,800円	【ポイント6倍以上！】ルイヴィトン　財布　LOUIS VUITTON　ヴィトン　LV　モノグラム　ラウンドファスナー長財布　ポルトフォイユ・クレマンス　フューシャ　M60742【あす楽対応】【smtb-k】【w2】【YDKG-tk】【RCP】 楽天カード分割 	https://item.rakuten.co.jp/kaitsukedoh/m60742/?l2-id=pdt_shoplist_title#10011053	買付道-JJブランド専科-	https://item.rakuten.co.jp/kaitsukedoh/m60742/?l2-id=pdt_shoplist_stext#10011053	64,800 円
プラダ 長財布 PRADA 1ML506 QWA F0002/SAFFIANO METAL NERO 財布 ラウンドファスナー サフィアーノメタル レザー ブラック【I LOVE BRAND/楽天】【RCP】	https://item.rakuten.co.jp/ilb/1ml506-safme-nero/	I　LOVE　BRAND	https://www.rakuten.co.jp/ilb/	59,670円	プラダ 長財布 PRADA 1ML506 QWA F0002／SAFFIANO METAL NERO 財布 ラウンドファスナー サフィアーノメタル レザー ブラック【I LOVE BRAND／楽天】【RCP】 （6件） 	https://item.rakuten.co.jp/ilb/1ml506-safme-nero/?l2-id=pdt_shoplist_title#10034059	I　LOVE　BRAND	https://item.rakuten.co.jp/ilb/1ml506-safme-nero/?l2-id=pdt_shoplist_stext#10034059	59,670 円
【最大2000円クーポン 5/30 23:59まで】【ポイント10倍】ヒロコハヤシ hiroko hayashi 長財布 ギャルソン GIRASOLE ジラソーレ レディース 本革 709-11943	https://item.rakuten.co.jp/danjo/71870911943/	DANJO バッグ 財布 シューズの通販	https://www.rakuten.co.jp/danjo/	34,560円	ヒロコ ハヤシ HIROKO HAYASHI GIRASOLE（ジラソーレ）長財布 (ゴールド) 	https://item.rakuten.co.jp/locondo/hi1243dw10536/?l2-id=pdt_shoplist_title#10309159	LOCOMALL（ロコンド公式ストア）	https://item.rakuten.co.jp/locondo/hi1243dw10536/?l2-id=pdt_shoplist_stext#10309159	34,560 円
【最大2000円クーポン 5/30 23:59まで】【ポイント10倍】ヒロコハヤシ hiroko hayashi 長財布 ギャルソン GIRASOLE ジラソーレ レディース 本革 709-11943	https://item.rakuten.co.jp/danjo/71870911943/	DANJO バッグ 財布 シューズの通販	https://www.rakuten.co.jp/danjo/	34,560円	【最大2000円クーポン 5／30 23:59まで】【ポイント10倍】ヒロコハヤシ hiroko hayashi 長財布 ギャルソン GIRASOLE ジラソーレ レディース 本革 709-11943 （22件） 	https://item.rakuten.co.jp/danjo/71870911943/?l2-id=pdt_shoplist_title#10012564	DANJO バッグ 財布 シューズの通販	https://item.rakuten.co.jp/danjo/71870911943/?l2-id=pdt_shoplist_stext#10012564	34,560 円
ブルガリ BVLGARI 長財布 ブルガリブルガリ 【BB】 ルビーレッド 33889 レディース	https://item.rakuten.co.jp/bluek3/lwbv33889/	ブランドショップ　ブルーク	https://www.rakuten.co.jp/bluek3/	61,700円	BVLGARI ブルガリ 長財布 33889 レッド ブルガリ ブルガリ 	https://item.rakuten.co.jp/lovelove/2700001398936/?l2-id=pdt_shoplist_title#10523751	GINZA LoveLove（銀座ラブラブ）	https://item.rakuten.co.jp/lovelove/2700001398936/?l2-id=pdt_shoplist_stext#10523751	57,800 円
ブルガリ BVLGARI 長財布 ブルガリブルガリ 【BB】 ルビーレッド 33889 レディース	https://item.rakuten.co.jp/bluek3/lwbv33889/	ブランドショップ　ブルーク	https://www.rakuten.co.jp/bluek3/	61,700円	【お取り寄せ】【送料無料】ブルガリ BVLGARI 長財布 33889 レッド 	https://item.rakuten.co.jp/auc-yutakaonlineshop/33889/?l2-id=pdt_shoplist_title#10002406	Y’s　Style	https://item.rakuten.co.jp/auc-yutakaonlineshop/33889/?l2-id=pdt_shoplist_stext#10002406	58,500 円
ブルガリ BVLGARI 長財布 ブルガリブルガリ 【BB】 ルビーレッド 33889 レディース	https://item.rakuten.co.jp/bluek3/lwbv33889/	ブランドショップ　ブルーク	https://www.rakuten.co.jp/bluek3/	61,700円	ブルガリ／BVLGARI ファスナー付き長財布　BULGARI BULGARI 　33889 	https://item.rakuten.co.jp/tstaile/bv33889/?l2-id=pdt_shoplist_title#10005545	ティースタイル	https://item.rakuten.co.jp/tstaile/bv33889/?l2-id=pdt_shoplist_stext#10005545	61,560 円
ブルガリ BVLGARI 長財布 ブルガリブルガリ 【BB】 ルビーレッド 33889 レディース	https://item.rakuten.co.jp/bluek3/lwbv33889/	ブランドショップ　ブルーク	https://www.rakuten.co.jp/bluek3/	61,700円	ブルガリ BVLGARI 長財布 ブルガリブルガリ 【BB】 ルビーレッド 33889 レディース （3件） 	https://item.rakuten.co.jp/bluek3/lwbv33889/?l2-id=pdt_shoplist_title#10080562	ブランドショップ　ブルーク	https://item.rakuten.co.jp/bluek3/lwbv33889/?l2-id=pdt_shoplist_stext#10080562	61,700 円
ブルガリ BVLGARI 長財布 ブルガリブルガリ 【BB】 ルビーレッド 33889 レディース	https://item.rakuten.co.jp/bluek3/lwbv33889/	ブランドショップ　ブルーク	https://www.rakuten.co.jp/bluek3/	61,700円	ブルガリ BVLGARI 長財布 ブルガリブルガリ 【BB】 ルビーレッド 33889 レディース 	https://item.rakuten.co.jp/bluek/lwbv33889/?l2-id=pdt_shoplist_title#10089093	ブルークウォッチカンパニー	https://item.rakuten.co.jp/bluek/lwbv33889/?l2-id=pdt_shoplist_stext#10089093	61,800 円
ブルガリ BVLGARI 長財布 ブルガリブルガリ 【BB】 ルビーレッド 33889 レディース	https://item.rakuten.co.jp/bluek3/lwbv33889/	ブランドショップ　ブルーク	https://www.rakuten.co.jp/bluek3/	61,700円	BVLGARI ブルガリ レディース メンズ 長財布 33889 レッド 	https://item.rakuten.co.jp/aaa-corp/33889/?l2-id=pdt_shoplist_title#10749706	AAA　net　Shop	https://item.rakuten.co.jp/aaa-corp/33889/?l2-id=pdt_shoplist_stext#10749706	62,370 円
ブルガリ BVLGARI 長財布 ブルガリブルガリ 【BB】 ルビーレッド 33889 レディース	https://item.rakuten.co.jp/bluek3/lwbv33889/	ブランドショップ　ブルーク	https://www.rakuten.co.jp/bluek3/	61,700円	Bvlgari （ブルガリ） 33889 GRAIN／RUBY RED 長財布 	https://item.rakuten.co.jp/rcmd/tm-1880521/?l2-id=pdt_shoplist_title#33525673	リコメン堂	https://item.rakuten.co.jp/rcmd/tm-1880521/?l2-id=pdt_shoplist_stext#33525673	66,594 円
ブルガリ BVLGARI 長財布 ブルガリブルガリ 【BB】 ルビーレッド 33889 レディース	https://item.rakuten.co.jp/bluek3/lwbv33889/	ブランドショップ　ブルーク	https://www.rakuten.co.jp/bluek3/	61,700円	Bvlgari （ブルガリ） 33889 GRAIN／RUBY RED 長財布 	https://item.rakuten.co.jp/rcmdva/tm-1880521/?l2-id=pdt_shoplist_title#12205032	VANCL楽天市場店	https://item.rakuten.co.jp/rcmdva/tm-1880521/?l2-id=pdt_shoplist_stext#12205032	67,692 円
ブルガリ BVLGARI 長財布 ブルガリブルガリ 【BB】 ルビーレッド 33889 レディース	https://item.rakuten.co.jp/bluek3/lwbv33889/	ブランドショップ　ブルーク	https://www.rakuten.co.jp/bluek3/	61,700円	Bvlgari （ブルガリ） 33889 GRAIN／RUBY RED 長財布 	https://item.rakuten.co.jp/rcmdse/tm-1880521/?l2-id=pdt_shoplist_title#14706198	リコメン堂生活館	https://item.rakuten.co.jp/rcmdse/tm-1880521/?l2-id=pdt_shoplist_stext#14706198	67,692 円
ブルガリ BVLGARI 長財布 ブルガリブルガリ 【BB】 ルビーレッド 33889 レディース	https://item.rakuten.co.jp/bluek3/lwbv33889/	ブランドショップ　ブルーク	https://www.rakuten.co.jp/bluek3/	61,700円	ブルガリ BVLGARI 財布 レディース 長財布 ブルガリ・ブルガリ レザー レッド 33889 RED 【コンビニ受取対応商品】【ブランド】 	https://item.rakuten.co.jp/brandol-ec/bv-33889/?l2-id=pdt_shoplist_title#10041406	海外ブランド専門店 Brandol	https://item.rakuten.co.jp/brandol-ec/bv-33889/?l2-id=pdt_shoplist_stext#10041406	59,800 円
ブルガリ BVLGARI 長財布 ブルガリブルガリ 【BB】 ルビーレッド 33889 レディース	https://item.rakuten.co.jp/bluek3/lwbv33889/	ブランドショップ　ブルーク	https://www.rakuten.co.jp/bluek3/	61,700円	ブルガリ レディース 長財布 ブルガリ・ブルガリ レザー レッド 33889 RED 	https://item.rakuten.co.jp/brandol-w/bv-33889/?l2-id=pdt_shoplist_title#10021163	腕時計専門店 Brandol	https://item.rakuten.co.jp/brandol-w/bv-33889/?l2-id=pdt_shoplist_stext#10021163	59,800 円
送料無料 レディース 長財布 財布 ウォレット マリメッコの生地使用 marimekko 北欧 花柄 おしゃれ かわいい ラウンドファスナー 小銭入れ付 本革 レザー 牛革 カード 大容量 収納 多機能 カード入れ 多い たくさん ブランド||春夏 ホワイトデー プレゼント	https://item.rakuten.co.jp/selene-/p-marimekko-038/	レディース通販のソラーラ	https://www.rakuten.co.jp/selene-/	8,800円	送料無料 レディース 長財布 財布 ウォレット マリメッコの生地使用 marimekko 北欧 花柄 おしゃれ かわいい ラウンドファスナー 小銭入れ付 本革 レザー 牛革 カード 大容量 収納 多機能 カード入れ 多い たくさん ブランド||春夏 ホワイトデー プレゼント （110件） 	https://item.rakuten.co.jp/selene-/p-marimekko-038/?l2-id=pdt_shoplist_title#10031588	レディース通販のソラーラ	https://item.rakuten.co.jp/selene-/p-marimekko-038/?l2-id=pdt_shoplist_stext#10031588	8,800 円
HIROKO HAYASHI GIRASOLE（ジラソーレ）長財布 ヒロコ ハヤシ 財布/小物【送料無料】	https://item.rakuten.co.jp/stylife/a29168/	Rakuten BRAND AVENUE	https://www.rakuten.co.jp/stylife/	34,560円	HIROKO HAYASHI GIRASOLE（ジラソーレ）長財布 ヒロコ ハヤシ 財布／小物【送料無料】 （16件） 	https://item.rakuten.co.jp/stylife/a29168/?l2-id=pdt_shoplist_title#10391823	Rakuten BRAND AVENUE	https://item.rakuten.co.jp/stylife/a29168/?l2-id=pdt_shoplist_stext#10391823	34,560 円
グッドデザイン賞受賞【薄い財布】abrAsus/アブラサス レディース財布 小銭入れ 付き 二つ折り財布 薄型。携帯性,機能性,デザイン性,バランスを追及した本革財布。女性へのプレゼント、ギフトにも。極小財布/ミニ財布/小さい財布/お財布/牛革/革財布/レザー/彼女	https://item.rakuten.co.jp/srcc/a1101x/	スーパークラシック 楽天市場店	https://www.rakuten.co.jp/srcc/	14,950円	グッドデザイン賞受賞【薄い財布】abrAsus／アブラサス レディース財布 小銭入れ 付き 二つ折り財布 薄型。携帯性,機能性,デザイン性,バランスを追及した本革財布。女性へのプレゼント、ギフトにも。極小財布／ミニ財布／小さい財布／お財布／牛革／革財布／レザー／彼女 （360件） 	https://item.rakuten.co.jp/srcc/a1101x/?l2-id=pdt_shoplist_title#10000022	スーパークラシック 楽天市場店	https://item.rakuten.co.jp/srcc/a1101x/?l2-id=pdt_shoplist_stext#10000022	14,950 円
【最大2000円クーポン 5/30 23:59まで】【ポイント10倍】hiroko hayashi ハヤシヒロコ 長財布 ギャルソン GIRASOLE ジラソーレ レディース 本革 709-11944	https://item.rakuten.co.jp/danjo/71870911944/	DANJO バッグ 財布 シューズの通販	https://www.rakuten.co.jp/danjo/	34,560円	ヒロコ ハヤシ HIROKO HAYASHI GIRASOLE(ジラソーレ) 長財布ミニ (ゴールド) 	https://item.rakuten.co.jp/locondo/hi1243dw10567/?l2-id=pdt_shoplist_title#10388369	LOCOMALL（ロコンド公式ストア）	https://item.rakuten.co.jp/locondo/hi1243dw10567/?l2-id=pdt_shoplist_stext#10388369	34,560 円
【最大2000円クーポン 5/30 23:59まで】【ポイント10倍】hiroko hayashi ハヤシヒロコ 長財布 ギャルソン GIRASOLE ジラソーレ レディース 本革 709-11944	https://item.rakuten.co.jp/danjo/71870911944/	DANJO バッグ 財布 シューズの通販	https://www.rakuten.co.jp/danjo/	34,560円	【最大2000円クーポン 5／30 23:59まで】【ポイント10倍】hiroko hayashi ハヤシヒロコ 長財布 ギャルソン GIRASOLE ジラソーレ レディース 本革 709-11944 （30件） 	https://item.rakuten.co.jp/danjo/71870911944/?l2-id=pdt_shoplist_title#10012752	DANJO バッグ 財布 シューズの通販	https://item.rakuten.co.jp/danjo/71870911944/?l2-id=pdt_shoplist_stext#10012752	34,560 円
グッドデザイン賞受賞 小さい財布 abrAsus（ アブラサス ）レディース 小銭入れ付き三つ折りの極小財布。携帯性、機能性、デザイン性のバランスを追及した人気の本革財布。女性へのプレゼント、ギフトにお勧め ミニ財布/薄い財布/多機能財布/牛革/革財布/本革/彼女	https://item.rakuten.co.jp/srcc/c0301x/	スーパークラシック 楽天市場店	https://www.rakuten.co.jp/srcc/	11,850円	グッドデザイン賞受賞 小さい財布 abrAsus（ アブラサス ）レディース 小銭入れ付き三つ折りの極小財布。携帯性、機能性、デザイン性のバランスを追及した人気の本革財布。女性へのプレゼント、ギフトにお勧め ミニ財布／薄い財布／多機能財布／牛革／革財布／本革／彼女 （626件） 	https://item.rakuten.co.jp/srcc/c0301x/?l2-id=pdt_shoplist_title#10000039	スーパークラシック 楽天市場店	https://item.rakuten.co.jp/srcc/c0301x/?l2-id=pdt_shoplist_stext#10000039	11,850 円
グッドデザイン賞受賞 小さい財布 abrAsus（ アブラサス ）レディース 小銭入れ付き三つ折りの極小財布。携帯性、機能性、デザイン性のバランスを追及した人気の本革財布。女性へのプレゼント、ギフトにお勧め ミニ財布/薄い財布/多機能財布/牛革/革財布/本革/彼女	https://item.rakuten.co.jp/srcc/c0301x/	スーパークラシック 楽天市場店	https://www.rakuten.co.jp/srcc/	11,850円	グッドデザイン賞受賞 小さい財布 abrAsus（アブラサス）メンズ 小銭入れ付き三つ折り 極小財布。携帯性、機能性、デザイン性のバランスを追及した人気の本革財布。男性へのプレゼント、ギフトに ミニ財布／薄い財布／多機能財布／お財布／紳士／牛革／革財布／バレンタイン （1,193件） 	https://item.rakuten.co.jp/srcc/c0301/?l2-id=pdt_shoplist_title#10000038	スーパークラシック 楽天市場店	https://item.rakuten.co.jp/srcc/c0301/?l2-id=pdt_shoplist_stext#10000038	11,850 円
【RカードでP14倍★5/30(水)0:00〜24H限定】もれなく選べるノベルティプレゼント★Dakota ダコタ 財布 ダコタ 長財布 dakota 財布 モデルノ L字ファスナー レディース レザー 本革 0035086 (0034086) 35086	https://item.rakuten.co.jp/galleria/0035086/	ギャレリア Bag＆Luggage	https://www.rakuten.co.jp/galleria/	12,960円	【RカードでP14倍★5／30(水)0:00〜24H限定】もれなく選べるノベルティプレゼント★Dakota ダコタ 財布 ダコタ 長財布 dakota 財布 モデルノ L字ファスナー レディース レザー 本革 0035086 (0034086) 35086 （43件） 	https://item.rakuten.co.jp/galleria/0035086/?l2-id=pdt_shoplist_title#10012403	ギャレリア Bag＆Luggage	https://item.rakuten.co.jp/galleria/0035086/?l2-id=pdt_shoplist_stext#10012403	12,960 円
【RカードでP14倍★5/30(水)0:00〜24H限定】もれなく選べるノベルティプレゼント★Dakota ダコタ 財布 ダコタ 長財布 dakota 財布 モデルノ L字ファスナー レディース レザー 本革 0035086 (0034086) 35086	https://item.rakuten.co.jp/galleria/0035086/	ギャレリア Bag＆Luggage	https://www.rakuten.co.jp/galleria/	12,960円	【選べる可愛い実用的プレゼント付】 Dakota ダコタ 長財布モデルノ 小銭入れ付き 長財布 L字ファスナー式（L型） 0035086 （0034086）(革のお手入れ方法本付)レディース財布 長財布（小銭入れあり） ポイント10倍 ギフト 可愛い プレゼント （626件） 	https://item.rakuten.co.jp/sentire/0034086/?l2-id=pdt_shoplist_title#10004823	こだわりのブランド Sentire-One	https://item.rakuten.co.jp/sentire/0034086/?l2-id=pdt_shoplist_stext#10004823	12,960 円
【RカードでP14倍★5/30(水)0:00〜24H限定】もれなく選べるノベルティプレゼント★ダコタ 長財布 Dakota フォンス 財布 ダコタ 長財布 L字ファスナー レディース 本革 長サイフ 0035897 35897	https://item.rakuten.co.jp/galleria/dakota-0035897/	ギャレリア Bag＆Luggage	https://www.rakuten.co.jp/galleria/	11,880円	【RカードでP14倍★5／30(水)0:00〜24H限定】もれなく選べるノベルティプレゼント★ダコタ 長財布 Dakota フォンス 財布 ダコタ 長財布 L字ファスナー レディース 本革 長サイフ 0035897 35897 （32件） 	https://item.rakuten.co.jp/galleria/dakota-0035897/?l2-id=pdt_shoplist_title#10011998	ギャレリア Bag＆Luggage	https://item.rakuten.co.jp/galleria/dakota-0035897/?l2-id=pdt_shoplist_stext#10011998	11,880 円
【RカードでP14倍★5/30(水)0:00〜24H限定】もれなく選べるノベルティプレゼント★ダコタ 財布 Dakota モデルノ 長財布 がま口 ブランド レディース レザー 本革 0035087 (0034087) 35087	https://item.rakuten.co.jp/galleria/0034087/	ギャレリア Bag＆Luggage	https://www.rakuten.co.jp/galleria/	18,360円	【RカードでP14倍★5／30(水)0:00〜24H限定】もれなく選べるノベルティプレゼント★ダコタ 財布 Dakota モデルノ 長財布 がま口 ブランド レディース レザー 本革 0035087 (0034087) 35087 （53件） 	https://item.rakuten.co.jp/galleria/0034087/?l2-id=pdt_shoplist_title#10004810	ギャレリア Bag＆Luggage	https://item.rakuten.co.jp/galleria/0034087/?l2-id=pdt_shoplist_stext#10004810	18,360 円
【優勝記念☆買回りP倍！】ルイヴィトン 長財布 ジッピーウォレット モノグラム M41895 LOUIS VUITTON ヴィトン 財布【財布】	https://item.rakuten.co.jp/grare/m41895/	ギャラリーレア楽天市場店	https://www.rakuten.co.jp/grare/	86,800円	【優勝記念☆買回りP倍！】ルイヴィトン 長財布 ジッピーウォレット モノグラム M41895 LOUIS VUITTON ヴィトン 財布【財布】 （2件） 	https://item.rakuten.co.jp/grare/m41895/?l2-id=pdt_shoplist_title#11476140	ギャラリーレア楽天市場店	https://item.rakuten.co.jp/grare/m41895/?l2-id=pdt_shoplist_stext#11476140	86,800 円
【優勝記念☆買回りP倍！】ルイヴィトン 長財布 ジッピーウォレット モノグラム M41895 LOUIS VUITTON ヴィトン 財布【財布】	https://item.rakuten.co.jp/grare/m41895/	ギャラリーレア楽天市場店	https://www.rakuten.co.jp/grare/	86,800円	LOUIS VUITTON ルイヴィトン 長財布 M41895 モノグラム フューシャ ジッピー・ウォレット 	https://item.rakuten.co.jp/lovelove/2700001305866/?l2-id=pdt_shoplist_title#10514524	GINZA LoveLove（銀座ラブラブ）	https://item.rakuten.co.jp/lovelove/2700001305866/?l2-id=pdt_shoplist_stext#10514524	93,501 円
【優勝記念☆買回りP倍！】ルイヴィトン 長財布 ジッピーウォレット モノグラム M41895 LOUIS VUITTON ヴィトン 財布【財布】	https://item.rakuten.co.jp/grare/m41895/	ギャラリーレア楽天市場店	https://www.rakuten.co.jp/grare/	86,800円	LOUIS　VUITTON 　ルイヴィトン　モノグラム　ジッピーウォレット　小銭入れ付　ラウンドファスナー長財布　フューシャ　M41895【送料無料】【05P03Dec16】 （2件） 	https://item.rakuten.co.jp/j-sekine/10011052/?l2-id=pdt_shoplist_title#10011052	ジュエリーセキネ	https://item.rakuten.co.jp/j-sekine/10011052/?l2-id=pdt_shoplist_stext#10011052	93,960 円
【優勝記念☆買回りP倍！】ルイヴィトン 長財布 ジッピーウォレット モノグラム M41895 LOUIS VUITTON ヴィトン 財布【財布】	https://item.rakuten.co.jp/grare/m41895/	ギャラリーレア楽天市場店	https://www.rakuten.co.jp/grare/	86,800円	ルイヴィトン 長財布 LOUIS VUITTON ラウンドファスナー ジッピー ウォレット モノグラム フューシャ M41895【ルイ・ヴィトン ヴィトン BOX 保存袋 紙袋付 新品】 	https://item.rakuten.co.jp/2nd-stage/m41895/?l2-id=pdt_shoplist_title#10008499	Brand Selection STAGE	https://item.rakuten.co.jp/2nd-stage/m41895/?l2-id=pdt_shoplist_stext#10008499	122,000 円
【優勝記念☆買回りP倍！】ルイヴィトン 長財布 ジッピーウォレット モノグラム M41895 LOUIS VUITTON ヴィトン 財布【財布】	https://item.rakuten.co.jp/grare/m41895/	ギャラリーレア楽天市場店	https://www.rakuten.co.jp/grare/	86,800円					94,800 円
オーストリッチ 多機能 財布 / かぶせ長財布 / カード 沢山 長財布 レディース 婦人財布 ラウンドファスナー レザー ウォレット 大人気 プレゼント 本革 ギフト送料無料	https://item.rakuten.co.jp/sankyo/9411r/	三京商会 ファー コート 財布 毛皮	https://www.rakuten.co.jp/sankyo/	16,200円	オーストリッチ 多機能 財布 ／ かぶせ長財布 ／ カード 沢山 長財布 レディース 婦人財布 ラウンドファスナー レザー ウォレット 大人気 プレゼント 本革 ギフト送料無料 （1,455件） 	https://item.rakuten.co.jp/sankyo/9411r/?l2-id=pdt_shoplist_title#10005204	三京商会 ファー コート 財布 毛皮	https://item.rakuten.co.jp/sankyo/9411r/?l2-id=pdt_shoplist_stext#10005204	16,200 円
シャネル 財布 CHANEL 長財布 マトラッセ キャビアスキン ラウンドファスナー長財布 ブラック A50097 【新作・新品・正規品】シャネル財布 CHANEL財布 【シャネル サイフ】【楽ギフ_包装】【02P01Oct16】	https://item.rakuten.co.jp/grandseller/160727-633/	入手困難品！ブランドグランセラー	https://www.rakuten.co.jp/grandseller/	159,840円	≪新品≫ CHANEL シャネル マトラッセ ラウンドファスナー 長財布 エナメル 黒 ゴールド金具 A50097 Y83471 箱・リボンでのラッピング 	https://item.rakuten.co.jp/s-musee/180327-2/?l2-id=pdt_shoplist_title#10009854	心斎橋ミュゼ	https://item.rakuten.co.jp/s-musee/180327-2/?l2-id=pdt_shoplist_stext#10009854	149,040 円
シャネル 財布 CHANEL 長財布 マトラッセ キャビアスキン ラウンドファスナー長財布 ブラック A50097 【新作・新品・正規品】シャネル財布 CHANEL財布 【シャネル サイフ】【楽ギフ_包装】【02P01Oct16】	https://item.rakuten.co.jp/grandseller/160727-633/	入手困難品！ブランドグランセラー	https://www.rakuten.co.jp/grandseller/	159,840円	≪新品≫ CHANEL シャネル マトラッセ ラウンドファスナー 長財布 キャビアスキン 黒 シルバー金具 A50097 箱・リボンでのラッピング （2件） 	https://item.rakuten.co.jp/s-musee/130905-4/?l2-id=pdt_shoplist_title#10007525	心斎橋ミュゼ	https://item.rakuten.co.jp/s-musee/130905-4/?l2-id=pdt_shoplist_stext#10007525	149,040 円
シャネル 財布 CHANEL 長財布 マトラッセ キャビアスキン ラウンドファスナー長財布 ブラック A50097 【新作・新品・正規品】シャネル財布 CHANEL財布 【シャネル サイフ】【楽ギフ_包装】【02P01Oct16】	https://item.rakuten.co.jp/grandseller/160727-633/	入手困難品！ブランドグランセラー	https://www.rakuten.co.jp/grandseller/	159,840円	シャネル 財布 CHANEL 長財布 マトラッセ キャビアスキン ラウンドファスナー長財布 ブラック A50097【新作・新品・正規品】シャネル財布 CHANEL財布 【シャネル サイフ】【ブランド】【楽ギフ_包装】【02P01Oct16】 （3件） 	https://item.rakuten.co.jp/grandseller/160525-280/?l2-id=pdt_shoplist_title#10010619	入手困難品！ブランドグランセラー	https://item.rakuten.co.jp/grandseller/160525-280/?l2-id=pdt_shoplist_stext#10010619	159,840 円
シャネル 財布 CHANEL 長財布 マトラッセ キャビアスキン ラウンドファスナー長財布 ブラック A50097 【新作・新品・正規品】シャネル財布 CHANEL財布 【シャネル サイフ】【楽ギフ_包装】【02P01Oct16】	https://item.rakuten.co.jp/grandseller/160727-633/	入手困難品！ブランドグランセラー	https://www.rakuten.co.jp/grandseller/	159,840円	シャネル 財布 CHANEL 長財布 マトラッセ キャビアスキン ラウンドファスナー長財布 ブラック A50097 【新作・新品・正規品】シャネル財布 CHANEL財布 【シャネル サイフ】【楽ギフ_包装】【02P01Oct16】 	https://item.rakuten.co.jp/grandseller/160727-633/?l2-id=pdt_shoplist_title#10010672	入手困難品！ブランドグランセラー	https://item.rakuten.co.jp/grandseller/160727-633/?l2-id=pdt_shoplist_stext#10010672	159,840 円
CHANEL シャネル 財布 マトラッセ キャビアスキン 二つ折り長財布 A80758 ブラック【新作・新品・正規品】シャネル財布 CHANEL財布【シャネル サイフ】【ブランド】【楽ギフ_包装】【02P01Oct16】	https://item.rakuten.co.jp/grandseller/160526-381/	入手困難品！ブランドグランセラー	https://www.rakuten.co.jp/grandseller/	159,840円	CHANEL シャネル 財布 マトラッセ キャビアスキン 二つ折り長財布 A80758 ブラック【新作・新品・正規品】シャネル財布 CHANEL財布 【シャネル サイフ】【楽ギフ_包装】【02P01Oct16】 （1件） 	https://item.rakuten.co.jp/grandseller/160727-634/?l2-id=pdt_shoplist_title#10010671	入手困難品！ブランドグランセラー	https://item.rakuten.co.jp/grandseller/160727-634/?l2-id=pdt_shoplist_stext#10010671	159,840 円
CHANEL シャネル 財布 マトラッセ キャビアスキン 二つ折り長財布 A80758 ブラック【新作・新品・正規品】シャネル財布 CHANEL財布【シャネル サイフ】【ブランド】【楽ギフ_包装】【02P01Oct16】	https://item.rakuten.co.jp/grandseller/160526-381/	入手困難品！ブランドグランセラー	https://www.rakuten.co.jp/grandseller/	159,840円	CHANEL シャネル 財布 マトラッセ キャビアスキン 二つ折り長財布 A80758 ブラック【新作・新品・正規品】シャネル財布 CHANEL財布【シャネル サイフ】【ブランド】【楽ギフ_包装】【02P01Oct16】 （29件） 	https://item.rakuten.co.jp/grandseller/160526-381/?l2-id=pdt_shoplist_title#10010626	入手困難品！ブランドグランセラー	https://item.rakuten.co.jp/grandseller/160526-381/?l2-id=pdt_shoplist_stext#10010626	159,840 円
最大3000円OFFクーポン配布中！ケイトスペード 長財布(ラウンドファスナー) kate spade PWRU5073 001 財布 キャメロンストリート CAMERON STREET LACEY レイシー レディース BLACK ブラック 黒 メタルロゴ 型押し フェミニン エレガント【 ケートスペード 送料無料】	https://item.rakuten.co.jp/brstring/gktpwru5073001/	ブランドストリートリング	https://www.rakuten.co.jp/brstring/	18,800円	ケイトスペード Kate Spade ラウンドファスナー長財布 PWRU5073 001 ブラック DEAL （1件） 	https://item.rakuten.co.jp/sunbrand-select/ksp-pwru5073001/?l2-id=pdt_shoplist_title#10066938	s-select	https://item.rakuten.co.jp/sunbrand-select/ksp-pwru5073001/?l2-id=pdt_shoplist_stext#10066938	18,800 円
最大3000円OFFクーポン配布中！ケイトスペード 長財布(ラウンドファスナー) kate spade PWRU5073 001 財布 キャメロンストリート CAMERON STREET LACEY レイシー レディース BLACK ブラック 黒 メタルロゴ 型押し フェミニン エレガント【 ケートスペード 送料無料】	https://item.rakuten.co.jp/brstring/gktpwru5073001/	ブランドストリートリング	https://www.rakuten.co.jp/brstring/	18,800円	ケイトスペード 長財布 レディース ブラック PWRU5073 001 （11件） 	https://item.rakuten.co.jp/culture/ks-pwru5073-001/?l2-id=pdt_shoplist_title#10200262	ブランドショップ AXES	https://item.rakuten.co.jp/culture/ks-pwru5073-001/?l2-id=pdt_shoplist_stext#10200262	21,800 円
最大3000円OFFクーポン配布中！ケイトスペード 長財布(ラウンドファスナー) kate spade PWRU5073 001 財布 キャメロンストリート CAMERON STREET LACEY レイシー レディース BLACK ブラック 黒 メタルロゴ 型押し フェミニン エレガント【 ケートスペード 送料無料】	https://item.rakuten.co.jp/brstring/gktpwru5073001/	ブランドストリートリング	https://www.rakuten.co.jp/brstring/	18,800円	ケイトスペード kate spade 財布 レディース ラウンドファスナー長財布 CAMERON STREET LACEY レザー ブラック PWRU5073 001 【コンビニ受取対応商品】【ブランド】 （4件） 	https://item.rakuten.co.jp/brandol-ec/ks-pwru5073-001/?l2-id=pdt_shoplist_title#10033616	海外ブランド専門店 Brandol	https://item.rakuten.co.jp/brandol-ec/ks-pwru5073-001/?l2-id=pdt_shoplist_stext#10033616	17,200 円
最大3000円OFFクーポン配布中！ケイトスペード 長財布(ラウンドファスナー) kate spade PWRU5073 001 財布 キャメロンストリート CAMERON STREET LACEY レイシー レディース BLACK ブラック 黒 メタルロゴ 型押し フェミニン エレガント【 ケートスペード 送料無料】	https://item.rakuten.co.jp/brstring/gktpwru5073001/	ブランドストリートリング	https://www.rakuten.co.jp/brstring/	18,800円	最大3000円OFFクーポン配布中！ケイトスペード 長財布(ラウンドファスナー) kate spade PWRU5073 001 財布 キャメロンストリート CAMERON STREET LACEY レイシー レディース BLACK ブラック 黒 メタルロゴ 型押し フェミニン エレガント【 ケートスペード 送料無料】 （19件） 	https://item.rakuten.co.jp/brstring/gktpwru5073001/?l2-id=pdt_shoplist_title#10048450	ブランドストリートリング	https://item.rakuten.co.jp/brstring/gktpwru5073001/?l2-id=pdt_shoplist_stext#10048450	18,800 円
【ポイント2倍】 ルイヴィトン 長財布 財布 新型 ジッピーウォレット ダミエ ブラウン ラウンドファスナー 長財布 LOUIS VUITTON ルイ・ヴィトン ビトン メンズ レディース サイフ 長サイフ ラウンドファスナー 小銭入れ 札入れ 可愛い 新作	https://item.rakuten.co.jp/brandacross/n41661/	ACROSS〜アクロス〜	https://www.rakuten.co.jp/brandacross/	92,880円	N　お買い得品！！【中古】 【LOUIS VUITTON】 【ルイヴィトン】 新型　ジッピーウォレット N41661ダミエ エベヌ 男女兼用 ラウンドファスナー長財布 美品　特上品　特別価格　那須塩原店 18-0957n 	https://item.rakuten.co.jp/kanteikyoku-utunomiya/18-0957n/?l2-id=pdt_shoplist_title#10027035	かんてい局栃木 楽天市場店	https://item.rakuten.co.jp/kanteikyoku-utunomiya/18-0957n/?l2-id=pdt_shoplist_stext#10027035	84,800 円
【ポイント2倍】 ルイヴィトン 長財布 財布 新型 ジッピーウォレット ダミエ ブラウン ラウンドファスナー 長財布 LOUIS VUITTON ルイ・ヴィトン ビトン メンズ レディース サイフ 長サイフ ラウンドファスナー 小銭入れ 札入れ 可愛い 新作	https://item.rakuten.co.jp/brandacross/n41661/	ACROSS〜アクロス〜	https://www.rakuten.co.jp/brandacross/	92,880円	N　オススメ！！【中古】 【LOUIS VUITTON】 【ルイヴィトン】 N41661 ジッピーウォレット ダミエ エベヌ 男女兼用 ラウンドファスナー長財布 美品　未使用品　特別価格　那須塩原店 18-0594n 	https://item.rakuten.co.jp/kanteikyoku-utunomiya/17-5727n/?l2-id=pdt_shoplist_title#10025378	かんてい局栃木 楽天市場店	https://item.rakuten.co.jp/kanteikyoku-utunomiya/17-5727n/?l2-id=pdt_shoplist_stext#10025378	86,800 円
【ポイント2倍】 ルイヴィトン 長財布 財布 新型 ジッピーウォレット ダミエ ブラウン ラウンドファスナー 長財布 LOUIS VUITTON ルイ・ヴィトン ビトン メンズ レディース サイフ 長サイフ ラウンドファスナー 小銭入れ 札入れ 可愛い 新作	https://item.rakuten.co.jp/brandacross/n41661/	ACROSS〜アクロス〜	https://www.rakuten.co.jp/brandacross/	92,880円	【新品】 ルイヴィトン 長財布 LOUIS VUITTON ジッピーウォレット 新モデル ダミエ カードポケット12枚 N41661 ヴィトン 財布 (35463)(35463) （3件） 	https://item.rakuten.co.jp/auc-horita78/35463/?l2-id=pdt_shoplist_title#10032532	堀田商事質店　楽天市場店	https://item.rakuten.co.jp/auc-horita78/35463/?l2-id=pdt_shoplist_stext#10032532	88,560 円
【ポイント2倍】 ルイヴィトン 長財布 財布 新型 ジッピーウォレット ダミエ ブラウン ラウンドファスナー 長財布 LOUIS VUITTON ルイ・ヴィトン ビトン メンズ レディース サイフ 長サイフ ラウンドファスナー 小銭入れ 札入れ 可愛い 新作	https://item.rakuten.co.jp/brandacross/n41661/	ACROSS〜アクロス〜	https://www.rakuten.co.jp/brandacross/	92,880円	【優勝記念☆買回りP倍！】ルイヴィトン 長財布 ダミエ ジッピー・ウォレット N41661 LOUIS VUITTON ヴィトン 財布 	https://item.rakuten.co.jp/watch-timezone/n41661/?l2-id=pdt_shoplist_title#10041213	ブランド腕時計専門店タイムゾーン	https://item.rakuten.co.jp/watch-timezone/n41661/?l2-id=pdt_shoplist_stext#10041213	89,700 円
【ポイント2倍】 ルイヴィトン 長財布 財布 新型 ジッピーウォレット ダミエ ブラウン ラウンドファスナー 長財布 LOUIS VUITTON ルイ・ヴィトン ビトン メンズ レディース サイフ 長サイフ ラウンドファスナー 小銭入れ 札入れ 可愛い 新作	https://item.rakuten.co.jp/brandacross/n41661/	ACROSS〜アクロス〜	https://www.rakuten.co.jp/brandacross/	92,880円	【優勝記念☆買回りP倍！】ルイヴィトン 長財布 ダミエ ジッピー・ウォレット N41661 LOUIS VUITTON ヴィトン 財布 （1件） 	https://item.rakuten.co.jp/grare/n41661/?l2-id=pdt_shoplist_title#11479291	ギャラリーレア楽天市場店	https://item.rakuten.co.jp/grare/n41661/?l2-id=pdt_shoplist_stext#11479291	89,800 円
【ポイント2倍】 ルイヴィトン 長財布 財布 新型 ジッピーウォレット ダミエ ブラウン ラウンドファスナー 長財布 LOUIS VUITTON ルイ・ヴィトン ビトン メンズ レディース サイフ 長サイフ ラウンドファスナー 小銭入れ 札入れ 可愛い 新作	https://item.rakuten.co.jp/brandacross/n41661/	ACROSS〜アクロス〜	https://www.rakuten.co.jp/brandacross/	92,880円	ルイヴィトン　N41661　財布　ラウンドファスナー長財布　12枚カード　ダミエ・エベヌ　ジッピー・ウォレット【あす楽対応】 楽天カード分割 	https://item.rakuten.co.jp/come888/n41661/?l2-id=pdt_shoplist_title#10003345	ブランド・COME	https://item.rakuten.co.jp/come888/n41661/?l2-id=pdt_shoplist_stext#10003345	92,880 円
【ポイント2倍】 ルイヴィトン 長財布 財布 新型 ジッピーウォレット ダミエ ブラウン ラウンドファスナー 長財布 LOUIS VUITTON ルイ・ヴィトン ビトン メンズ レディース サイフ 長サイフ ラウンドファスナー 小銭入れ 札入れ 可愛い 新作	https://item.rakuten.co.jp/brandacross/n41661/	ACROSS〜アクロス〜	https://www.rakuten.co.jp/brandacross/	92,880円	LOUIS VUITTON ルイヴィトン 長財布 N41661 ダミエ ジッピー・ウォレット 	https://item.rakuten.co.jp/lovelove/2700001320234/?l2-id=pdt_shoplist_title#10514656	GINZA LoveLove（銀座ラブラブ）	https://item.rakuten.co.jp/lovelove/2700001320234/?l2-id=pdt_shoplist_stext#10514656	93,501 円
【ポイント2倍】 ルイヴィトン 長財布 財布 新型 ジッピーウォレット ダミエ ブラウン ラウンドファスナー 長財布 LOUIS VUITTON ルイ・ヴィトン ビトン メンズ レディース サイフ 長サイフ ラウンドファスナー 小銭入れ 札入れ 可愛い 新作	https://item.rakuten.co.jp/brandacross/n41661/	ACROSS〜アクロス〜	https://www.rakuten.co.jp/brandacross/	92,880円	新品 LOUIS VUITTON【ルイヴィトン】ラウンドジップ長財布 N41661 ダミエ 	https://item.rakuten.co.jp/younew/lv-n41661/?l2-id=pdt_shoplist_title#10001524	YouNewShop　楽天市場店	https://item.rakuten.co.jp/younew/lv-n41661/?l2-id=pdt_shoplist_stext#10001524	102,000 円
【ポイント2倍】 ルイヴィトン 長財布 財布 新型 ジッピーウォレット ダミエ ブラウン ラウンドファスナー 長財布 LOUIS VUITTON ルイ・ヴィトン ビトン メンズ レディース サイフ 長サイフ ラウンドファスナー 小銭入れ 札入れ 可愛い 新作	https://item.rakuten.co.jp/brandacross/n41661/	ACROSS〜アクロス〜	https://www.rakuten.co.jp/brandacross/	92,880円	【父の日 父の日ギフト】 ルイヴィトン louisvuitton 新品 財布 長財布 メンズ レディース ラウンドファスナー ジッピー・ウォレット ダミエ N41661(旧品番N60003) 正規品 セール 送料無料ブランド 新作 2018年 （2件） 	https://item.rakuten.co.jp/cavatina/vui-091/?l2-id=pdt_shoplist_title#10005048	ワールドギフト　カヴァティーナ	https://item.rakuten.co.jp/cavatina/vui-091/?l2-id=pdt_shoplist_stext#10005048	105,000 円
【ポイント2倍】 ルイヴィトン 長財布 財布 新型 ジッピーウォレット ダミエ ブラウン ラウンドファスナー 長財布 LOUIS VUITTON ルイ・ヴィトン ビトン メンズ レディース サイフ 長サイフ ラウンドファスナー 小銭入れ 札入れ 可愛い 新作	https://item.rakuten.co.jp/brandacross/n41661/	ACROSS〜アクロス〜	https://www.rakuten.co.jp/brandacross/	92,880円	ルイヴィトン 長財布 LOUIS VUITTON ラウンドファスナー ジッピー ウォレット ダミエ N41661【ルイ・ヴィトン ヴィトン BOX 保存袋 紙袋付 新品】 	https://item.rakuten.co.jp/2nd-stage/n41661/?l2-id=pdt_shoplist_title#10008552	Brand Selection STAGE	https://item.rakuten.co.jp/2nd-stage/n41661/?l2-id=pdt_shoplist_stext#10008552	122,000 円
【ポイント2倍】 ルイヴィトン 長財布 財布 新型 ジッピーウォレット ダミエ ブラウン ラウンドファスナー 長財布 LOUIS VUITTON ルイ・ヴィトン ビトン メンズ レディース サイフ 長サイフ ラウンドファスナー 小銭入れ 札入れ 可愛い 新作	https://item.rakuten.co.jp/brandacross/n41661/	ACROSS〜アクロス〜	https://www.rakuten.co.jp/brandacross/	92,880円					37,800 円
【ポイント2倍】 ルイヴィトン 長財布 財布 新型 ジッピーウォレット ダミエ ブラウン ラウンドファスナー 長財布 LOUIS VUITTON ルイ・ヴィトン ビトン メンズ レディース サイフ 長サイフ ラウンドファスナー 小銭入れ 札入れ 可愛い 新作	https://item.rakuten.co.jp/brandacross/n41661/	ACROSS〜アクロス〜	https://www.rakuten.co.jp/brandacross/	92,880円					64,700 円
【ポイント2倍】 ルイヴィトン 長財布 財布 新型 ジッピーウォレット ダミエ ブラウン ラウンドファスナー 長財布 LOUIS VUITTON ルイ・ヴィトン ビトン メンズ レディース サイフ 長サイフ ラウンドファスナー 小銭入れ 札入れ 可愛い 新作	https://item.rakuten.co.jp/brandacross/n41661/	ACROSS〜アクロス〜	https://www.rakuten.co.jp/brandacross/	92,880円					75,800 円
【ポイント2倍】 ルイヴィトン 長財布 財布 新型 ジッピーウォレット ダミエ ブラウン ラウンドファスナー 長財布 LOUIS VUITTON ルイ・ヴィトン ビトン メンズ レディース サイフ 長サイフ ラウンドファスナー 小銭入れ 札入れ 可愛い 新作	https://item.rakuten.co.jp/brandacross/n41661/	ACROSS〜アクロス〜	https://www.rakuten.co.jp/brandacross/	92,880円					76,730 円
【ポイント2倍】 ルイヴィトン 長財布 財布 新型 ジッピーウォレット ダミエ ブラウン ラウンドファスナー 長財布 LOUIS VUITTON ルイ・ヴィトン ビトン メンズ レディース サイフ 長サイフ ラウンドファスナー 小銭入れ 札入れ 可愛い 新作	https://item.rakuten.co.jp/brandacross/n41661/	ACROSS〜アクロス〜	https://www.rakuten.co.jp/brandacross/	92,880円					81,648 円
【ポイント2倍】 ルイヴィトン 長財布 財布 新型 ジッピーウォレット ダミエ ブラウン ラウンドファスナー 長財布 LOUIS VUITTON ルイ・ヴィトン ビトン メンズ レディース サイフ 長サイフ ラウンドファスナー 小銭入れ 札入れ 可愛い 新作	https://item.rakuten.co.jp/brandacross/n41661/	ACROSS〜アクロス〜	https://www.rakuten.co.jp/brandacross/	92,880円					82,800 円
【ポイント2倍】 ルイヴィトン 長財布 財布 新型 ジッピーウォレット ダミエ ブラウン ラウンドファスナー 長財布 LOUIS VUITTON ルイ・ヴィトン ビトン メンズ レディース サイフ 長サイフ ラウンドファスナー 小銭入れ 札入れ 可愛い 新作	https://item.rakuten.co.jp/brandacross/n41661/	ACROSS〜アクロス〜	https://www.rakuten.co.jp/brandacross/	92,880円					92,880 円
【選べる可愛い実用的プレゼント付】 Dakota ダコタ 財布 リードクラシックL字ファスナー開閉式(L型) 小銭入れ付き 長財布 0036209（0030009）(革のお手入れ方法本付)レディース財布 小銭入れあり 32009 サイフ ポイント10倍 ギフト プレゼント	https://item.rakuten.co.jp/sentire/0031219/	こだわりのブランド Sentire-One	https://www.rakuten.co.jp/sentire/	18,360円	【廃番】Dakota ダコタ 長財布 36209(30009) リードクラシック L字ファスナー開閉式 小銭入れあり 財布 サイフ ブランド 本革 ギフト 女性 おしゃれ ギフト 義母 主婦 ママ【送料無料】 プレゼント プレゼントラッピング ラッピング【あす楽】 父の日 （109件） 	https://item.rakuten.co.jp/newbag/dakota_31219/?l2-id=pdt_shoplist_title#10001136	Newbag Wakamatsu	https://item.rakuten.co.jp/newbag/dakota_31219/?l2-id=pdt_shoplist_stext#10001136	18,360 円
【選べる可愛い実用的プレゼント付】 Dakota ダコタ 財布 リードクラシックL字ファスナー開閉式(L型) 小銭入れ付き 長財布 0036209（0030009）(革のお手入れ方法本付)レディース財布 小銭入れあり 32009 サイフ ポイント10倍 ギフト プレゼント	https://item.rakuten.co.jp/sentire/0031219/	こだわりのブランド Sentire-One	https://www.rakuten.co.jp/sentire/	18,360円	【RカードでP14倍★5／30(水)0:00〜24H限定】もれなく選べるノベルティプレゼント★ダコタ Dakota リードクラシック 長財布 レディース 長財布 0036209 (0030009、0032009)【あす楽対応】【送料無料】楽天 （31件） 	https://item.rakuten.co.jp/galleria/0032009/?l2-id=pdt_shoplist_title#10003928	ギャレリア Bag＆Luggage	https://item.rakuten.co.jp/galleria/0032009/?l2-id=pdt_shoplist_stext#10003928	18,360 円
【選べる可愛い実用的プレゼント付】 Dakota ダコタ 財布 リードクラシックL字ファスナー開閉式(L型) 小銭入れ付き 長財布 0036209（0030009）(革のお手入れ方法本付)レディース財布 小銭入れあり 32009 サイフ ポイント10倍 ギフト プレゼント	https://item.rakuten.co.jp/sentire/0031219/	こだわりのブランド Sentire-One	https://www.rakuten.co.jp/sentire/	18,360円	【選べる可愛い実用的プレゼント付】 Dakota ダコタ 財布 リードクラシックL字ファスナー開閉式(L型) 小銭入れ付き 長財布 0036209（0030009）(革のお手入れ方法本付)レディース財布 小銭入れあり 32009 サイフ ポイント10倍 ギフト プレゼント （1,901件） 	https://item.rakuten.co.jp/sentire/0031219/?l2-id=pdt_shoplist_title#10000502	こだわりのブランド Sentire-One	https://item.rakuten.co.jp/sentire/0031219/?l2-id=pdt_shoplist_stext#10000502	18,360 円
【選べる可愛い実用的プレゼント付】 Dakota ダコタ 財布 リードクラシックL字ファスナー開閉式(L型) 小銭入れ付き 長財布 0036209（0030009）(革のお手入れ方法本付)レディース財布 小銭入れあり 32009 サイフ ポイント10倍 ギフト プレゼント	https://item.rakuten.co.jp/sentire/0031219/	こだわりのブランド Sentire-One	https://www.rakuten.co.jp/sentire/	18,360円	【RカードエントリーでP14倍 5月30日(水)23:59まで！】残りわずか！Dakota ダコタ 長財布 リードクラシック イタリア製牛革 長財布 新品番30009／36209 レディース 財布 長財布 正規品 ギフト （31件） 	https://item.rakuten.co.jp/touzai/32009/?l2-id=pdt_shoplist_title#10003546	カバンの店　東西南北屋	https://item.rakuten.co.jp/touzai/32009/?l2-id=pdt_shoplist_stext#10003546	18,360 円
URBAN RESEARCH Hashibami MINI WALLET アーバンリサーチ 財布/小物【送料無料】	https://item.rakuten.co.jp/stylife/m41733/	Rakuten BRAND AVENUE	https://www.rakuten.co.jp/stylife/	10,800円	[Rakuten BRAND AVENUE]Hashibami MINI WALLET URBAN RESEARCH アーバンリサーチ 財布／小物【送料無料】 	https://item.rakuten.co.jp/ur-rba/m41733/?l2-id=pdt_shoplist_title#10012529	URBAN RESEARCH／アーバンリサーチ	https://item.rakuten.co.jp/ur-rba/m41733/?l2-id=pdt_shoplist_stext#10012529	10,800 円
URBAN RESEARCH Hashibami MINI WALLET アーバンリサーチ 財布/小物【送料無料】	https://item.rakuten.co.jp/stylife/m41733/	Rakuten BRAND AVENUE	https://www.rakuten.co.jp/stylife/	10,800円	URBAN RESEARCH Hashibami MINI WALLET アーバンリサーチ 財布／小物【送料無料】 	https://item.rakuten.co.jp/stylife/m41733/?l2-id=pdt_shoplist_title#11651940	Rakuten BRAND AVENUE	https://item.rakuten.co.jp/stylife/m41733/?l2-id=pdt_shoplist_stext#11651940	10,800 円
Ray BEAMS Ray BEAMS / スマイル ZIP 長財布 レイ ビームス　ウォレット　プレゼント　ギフト ビームス ウイメン 財布/小物【送料無料】	https://item.rakuten.co.jp/stylife/b31815/	Rakuten BRAND AVENUE	https://www.rakuten.co.jp/stylife/	10,800円	[Rakuten BRAND AVENUE]Ray BEAMS ／ スマイル ZIP 長財布 レイ ビームス　ウォレット　プレゼント　ギフト Ray BEAMS ビームス ウイメン 財布／小物【送料無料】 （22件） 	https://item.rakuten.co.jp/beams/b31815/?l2-id=pdt_shoplist_title#10000955	BEAMS／ビームス	https://item.rakuten.co.jp/beams/b31815/?l2-id=pdt_shoplist_stext#10000955	10,800 円
Ray BEAMS Ray BEAMS / スマイル ZIP 長財布 レイ ビームス　ウォレット　プレゼント　ギフト ビームス ウイメン 財布/小物【送料無料】	https://item.rakuten.co.jp/stylife/b31815/	Rakuten BRAND AVENUE	https://www.rakuten.co.jp/stylife/	10,800円	Ray BEAMS Ray BEAMS ／ スマイル ZIP 長財布 レイ ビームス　ウォレット　プレゼント　ギフト ビームス ウイメン 財布／小物【送料無料】 （18件） 	https://item.rakuten.co.jp/stylife/b31815/?l2-id=pdt_shoplist_title#10935394	Rakuten BRAND AVENUE	https://item.rakuten.co.jp/stylife/b31815/?l2-id=pdt_shoplist_stext#10935394	10,800 円
カルティエ/Cartier ・ファスナー付き長財布・ハッピーバースデー ・L3001282【即発送可能】	https://item.rakuten.co.jp/tstaile/l3000951/	ティースタイル	https://www.rakuten.co.jp/tstaile/	54,800円	カルティエ／Cartier ・ファスナー付き長財布・ハッピーバースデー ・L3001282【即発送可能】 （10件） 	https://item.rakuten.co.jp/tstaile/l3000951/?l2-id=pdt_shoplist_title#10003391	ティースタイル	https://item.rakuten.co.jp/tstaile/l3000951/?l2-id=pdt_shoplist_stext#10003391	54,800 円
カルティエ/Cartier ・ファスナー付き長財布・ハッピーバースデー ・L3001282【即発送可能】	https://item.rakuten.co.jp/tstaile/l3000951/	ティースタイル	https://www.rakuten.co.jp/tstaile/	54,800円	『送料無料』カルティエ ファスナー付き長財布 ハッピーバースデー L3001282 	https://item.rakuten.co.jp/moonphase/10057477/?l2-id=pdt_shoplist_title#10057477	moonphase	https://item.rakuten.co.jp/moonphase/10057477/?l2-id=pdt_shoplist_stext#10057477	61,506 円
【ポイント最大30倍5月30日23:59まで】ボッテガヴェネタ BOTTEGA VENETA ボッテガ 長財布 ブラック 316005 V4651 1000	https://item.rakuten.co.jp/alevel/316005-v4651-1000/	Alevel（エイレベル）	https://www.rakuten.co.jp/alevel/	66,800円	【ポイント最大30倍5月30日23:59まで】ボッテガヴェネタ BOTTEGA VENETA ボッテガ 長財布 ブラック 316005 V4651 1000 （2件） 	https://item.rakuten.co.jp/alevel/316005-v4651-1000/?l2-id=pdt_shoplist_title#10014932	Alevel（エイレベル）	https://item.rakuten.co.jp/alevel/316005-v4651-1000/?l2-id=pdt_shoplist_stext#10014932	66,800 円
【当店限定カラー☆チョコ】ラウンドファスナー長財布 Dakota ダコタ モナ イタリア製牛革 0035561【店頭受取対応商品】	https://item.rakuten.co.jp/arista/0035561/	かばんと財布の店　アリスタ	https://www.rakuten.co.jp/arista/	16,200円	ダコタ Dakota ラウンドファスナー長財布 財布 モナ 0035561 	https://item.rakuten.co.jp/ookawabag/0035561/?l2-id=pdt_shoplist_title#10009592	おおかわカバン店	https://item.rakuten.co.jp/ookawabag/0035561/?l2-id=pdt_shoplist_stext#10009592	16,200 円
【当店限定カラー☆チョコ】ラウンドファスナー長財布 Dakota ダコタ モナ イタリア製牛革 0035561【店頭受取対応商品】	https://item.rakuten.co.jp/arista/0035561/	かばんと財布の店　アリスタ	https://www.rakuten.co.jp/arista/	16,200円	長財布 財布 0035561 ダコタ Dakota ラウンドファスナーモナ 	https://item.rakuten.co.jp/axisbag/0035561/?l2-id=pdt_shoplist_title#10008083	Axis.bag	https://item.rakuten.co.jp/axisbag/0035561/?l2-id=pdt_shoplist_stext#10008083	16,200 円
【当店限定カラー☆チョコ】ラウンドファスナー長財布 Dakota ダコタ モナ イタリア製牛革 0035561【店頭受取対応商品】	https://item.rakuten.co.jp/arista/0035561/	かばんと財布の店　アリスタ	https://www.rakuten.co.jp/arista/	16,200円	Dakota ダコタ 財布 長財布 ラウンドファスナー レディース 本革 ピンク キャメル グリーン マスタード ブルー モナシリーズ 35561 	https://item.rakuten.co.jp/sakaeshop/35561/?l2-id=pdt_shoplist_title#10007825	バッグ財布の目々澤鞄	https://item.rakuten.co.jp/sakaeshop/35561/?l2-id=pdt_shoplist_stext#10007825	16,200 円
【当店限定カラー☆チョコ】ラウンドファスナー長財布 Dakota ダコタ モナ イタリア製牛革 0035561【店頭受取対応商品】	https://item.rakuten.co.jp/arista/0035561/	かばんと財布の店　アリスタ	https://www.rakuten.co.jp/arista/	16,200円	【当店限定カラー☆チョコ】ラウンドファスナー長財布 Dakota ダコタ モナ イタリア製牛革 0035561【店頭受取対応商品】 （12件） 	https://item.rakuten.co.jp/arista/0035561/?l2-id=pdt_shoplist_title#10003100	かばんと財布の店　アリスタ	https://item.rakuten.co.jp/arista/0035561/?l2-id=pdt_shoplist_stext#10003100	16,200 円
【当店限定カラー☆チョコ】ラウンドファスナー長財布 Dakota ダコタ モナ イタリア製牛革 0035561【店頭受取対応商品】	https://item.rakuten.co.jp/arista/0035561/	かばんと財布の店　アリスタ	https://www.rakuten.co.jp/arista/	16,200円	【RカードでP14倍★5／30(水)0:00〜24H限定】もれなく選べるノベルティプレゼント★ダコタ Dakota 長財布 モナ 小銭入れあり ラウンドファスナー ラウンドジップ 財布 レザー レディース サイフ 0035561 （2件） 	https://item.rakuten.co.jp/galleria/0035561/?l2-id=pdt_shoplist_title#10015525	ギャレリア Bag＆Luggage	https://item.rakuten.co.jp/galleria/0035561/?l2-id=pdt_shoplist_stext#10015525	16,200 円
【送料無料】 お財布ポシェット 財布 長財布 レディース お財布 ギャルソン財布 母の日 ギフト プレゼント 早割 多機能 大容量 本革 お財布バッグ ウォレットバッグ ウォレットショルダー スマホ 携帯 スマホバッグ ショルダーポシェット	https://item.rakuten.co.jp/wide/77085/	いつもショップ	https://www.rakuten.co.jp/wide/	5,980円	【送料無料】 牛革 多機能財布 マネーヒルズ レディース 財布 コインスルー お財布ポシェット お財布ショルダー ショルダーバッグ ギャルソン アコーディオン式 大容量 ハンドバッグ ウォレット 長財布 通帳ケース 鍵 可愛い 母の日 ギフト プレゼント 暮らしの幸便 （2件） 	https://item.rakuten.co.jp/kurashinokoubin/77085/?l2-id=pdt_shoplist_title#10009348	暮らしの幸便	https://item.rakuten.co.jp/kurashinokoubin/77085/?l2-id=pdt_shoplist_stext#10009348	5,980 円
【送料無料】 お財布ポシェット 財布 長財布 レディース お財布 ギャルソン財布 母の日 ギフト プレゼント 早割 多機能 大容量 本革 お財布バッグ ウォレットバッグ ウォレットショルダー スマホ 携帯 スマホバッグ ショルダーポシェット	https://item.rakuten.co.jp/wide/77085/	いつもショップ	https://www.rakuten.co.jp/wide/	5,980円	【送料無料】 お財布ポシェット 財布 長財布 レディース お財布 ギャルソン財布 母の日 ギフト プレゼント 早割 多機能 大容量 本革 お財布バッグ ウォレットバッグ ウォレットショルダー スマホ 携帯 スマホバッグ ショルダーポシェット （11件） 	https://item.rakuten.co.jp/wide/77085/?l2-id=pdt_shoplist_title#10067327	いつもショップ	https://item.rakuten.co.jp/wide/77085/?l2-id=pdt_shoplist_stext#10067327	5,980 円
【送料無料】 お財布ポシェット 財布 長財布 レディース お財布 ギャルソン財布 母の日 ギフト プレゼント 早割 多機能 大容量 本革 お財布バッグ ウォレットバッグ ウォレットショルダー スマホ 携帯 スマホバッグ ショルダーポシェット	https://item.rakuten.co.jp/wide/77085/	いつもショップ	https://www.rakuten.co.jp/wide/	5,980円	あす楽＆送料無料 長財布 黄色 母の日 遅れてごめんね お財布ポシェット 財布 レディース 多機能 ギャルソン財布 プレゼント ギフト マネーヒルズ 大容量 牛革 本革 仕分け 家計 仕訳 やりくり財布 お財布 ショルダー ウォレット かわいい サイフ さいふ スマホ （7件） 	https://item.rakuten.co.jp/wide02/77085/?l2-id=pdt_shoplist_title#10019971	通販ライフ	https://item.rakuten.co.jp/wide02/77085/?l2-id=pdt_shoplist_stext#10019971	5,980 円
【送料無料】 お財布ポシェット 財布 長財布 レディース お財布 ギャルソン財布 母の日 ギフト プレゼント 早割 多機能 大容量 本革 お財布バッグ ウォレットバッグ ウォレットショルダー スマホ 携帯 スマホバッグ ショルダーポシェット	https://item.rakuten.co.jp/wide/77085/	いつもショップ	https://www.rakuten.co.jp/wide/	5,980円	あす楽＆送料無料 財布 長財布 レディース 多機能 ギャルソン財布 牛革多機能財布 マネーヒルズ 大容量 牛革 本革 仕分け 家計 仕訳 やりくり財布 テレビ 通販 紹介 長サイフ お財布ポシェット スマホ お財布 ショルダーウォレット かわいい TV サイフ さいふ （3件） 	https://item.rakuten.co.jp/wide02/77085-/?l2-id=pdt_shoplist_title#10020102	通販ライフ	https://item.rakuten.co.jp/wide02/77085-/?l2-id=pdt_shoplist_stext#10020102	5,980 円
【RカードでP14倍★5/30(水)0:00〜24H限定】もれなく選べるノベルティプレゼント★Dakota ダコタ 長財布 フォンス レディース 本革 L字ファスナー 0035894 (0034894) 35894	https://item.rakuten.co.jp/galleria/0034894/	ギャレリア Bag＆Luggage	https://www.rakuten.co.jp/galleria/	14,040円	【RカードでP14倍★5／30(水)0:00〜24H限定】もれなく選べるノベルティプレゼント★Dakota ダコタ 長財布 フォンス レディース 本革 L字ファスナー 0035894 (0034894) 35894 （47件） 	https://item.rakuten.co.jp/galleria/0034894/?l2-id=pdt_shoplist_title#10010482	ギャレリア Bag＆Luggage	https://item.rakuten.co.jp/galleria/0034894/?l2-id=pdt_shoplist_stext#10010482	14,040 円
【選べる可愛い実用的プレゼント付】 Dakota ダコタ 長財布モデルノ 小銭入れ付き 長財布 0035088（0034088）(革のお手入れ方法本付)レディース 長財布 本革 財布 ポイント10倍 ギフト 可愛い プレゼント	https://item.rakuten.co.jp/sentire/0034088/	こだわりのブランド Sentire-One	https://www.rakuten.co.jp/sentire/	15,120円	【RカードでP14倍★5／30(水)0:00〜24H限定】もれなく選べるノベルティプレゼント★ダコタ 財布 Dakota モデルノ 長財布 ラウンドファスナー レディース 本革 レザー 0035088 (0034088) 35088 （46件） 	https://item.rakuten.co.jp/galleria/0034088/?l2-id=pdt_shoplist_title#10003955	ギャレリア Bag＆Luggage	https://item.rakuten.co.jp/galleria/0034088/?l2-id=pdt_shoplist_stext#10003955	15,120 円
【選べる可愛い実用的プレゼント付】 Dakota ダコタ 長財布モデルノ 小銭入れ付き 長財布 0035088（0034088）(革のお手入れ方法本付)レディース 長財布 本革 財布 ポイント10倍 ギフト 可愛い プレゼント	https://item.rakuten.co.jp/sentire/0034088/	こだわりのブランド Sentire-One	https://www.rakuten.co.jp/sentire/	15,120円	【選べる可愛い実用的プレゼント付】 Dakota ダコタ 長財布モデルノ 小銭入れ付き 長財布 0035088（0034088）(革のお手入れ方法本付)レディース 長財布 本革 財布 ポイント10倍 ギフト 可愛い プレゼント （230件） 	https://item.rakuten.co.jp/sentire/0034088/?l2-id=pdt_shoplist_title#10004101	こだわりのブランド Sentire-One	https://item.rakuten.co.jp/sentire/0034088/?l2-id=pdt_shoplist_stext#10004101	15,120 円
ダイヤモンド パイソン ギャルソン 長財布レディース 全9色 小銭入れが大きく開く送料無料	https://item.rakuten.co.jp/sankyo/7369r/	三京商会 ファー コート 財布 毛皮	https://www.rakuten.co.jp/sankyo/	5,999円	ダイヤモンド パイソン ギャルソン 長財布レディース 全9色 小銭入れが大きく開く送料無料 （477件） 	https://item.rakuten.co.jp/sankyo/7369r/?l2-id=pdt_shoplist_title#10013317	三京商会 ファー コート 財布 毛皮	https://item.rakuten.co.jp/sankyo/7369r/?l2-id=pdt_shoplist_stext#10013317	5,999 円
ダイヤモンド パイソン ギャルソン 長財布レディース 全9色 小銭入れが大きく開く送料無料	https://item.rakuten.co.jp/sankyo/7369r/	三京商会 ファー コート 財布 毛皮	https://www.rakuten.co.jp/sankyo/	5,999円	ダイヤモンド 財布 パイソン ギャルソン 長財布 ／ レディース 	https://item.rakuten.co.jp/manons/7369r/?l2-id=pdt_shoplist_title#10000415	マノンズセレクション	https://item.rakuten.co.jp/manons/7369r/?l2-id=pdt_shoplist_stext#10000415	6,481 円
【エントリーでさらにポイント5倍！】コーチ COACH 財布 レディース シグネチャー ミディアム コーナー ジップ ウォレット 折り財布 F23553 選べる7色 コーチ COACH レディース WWW	https://item.rakuten.co.jp/auc-brandshop-purely/f23553-7color/	ブランドバッグ財布のピュアリー	https://www.rakuten.co.jp/auc-brandshop-purely/	7,480円	【送料無料】 コーチ CO-F23553-SVDK6-1【並行輸入品】 	https://item.rakuten.co.jp/biccamera/4941547872674/?l2-id=pdt_shoplist_title#11835876	楽天ビック	https://item.rakuten.co.jp/biccamera/4941547872674/?l2-id=pdt_shoplist_stext#11835876	14,904 円 楽天のおすすめ
【エントリーでさらにポイント5倍！】コーチ COACH 財布 レディース シグネチャー ミディアム コーナー ジップ ウォレット 折り財布 F23553 選べる7色 コーチ COACH レディース WWW	https://item.rakuten.co.jp/auc-brandshop-purely/f23553-7color/	ブランドバッグ財布のピュアリー	https://www.rakuten.co.jp/auc-brandshop-purely/	7,480円	【エントリーでさらにポイント5倍！】コーチ COACH 財布 レディース シグネチャー ミディアム コーナー ジップ ウォレット 折り財布 F23553 選べる7色 コーチ COACH レディース WWW （4件） 	https://item.rakuten.co.jp/auc-brandshop-purely/f23553-7color/?l2-id=pdt_shoplist_title#10009263	ブランドバッグ財布のピュアリー	https://item.rakuten.co.jp/auc-brandshop-purely/f23553-7color/?l2-id=pdt_shoplist_stext#10009263	7,480 円
【エントリーでさらにポイント5倍！】コーチ COACH 財布 レディース シグネチャー ミディアム コーナー ジップ ウォレット 折り財布 F23553 選べる7色 コーチ COACH レディース WWW	https://item.rakuten.co.jp/auc-brandshop-purely/f23553-7color/	ブランドバッグ財布のピュアリー	https://www.rakuten.co.jp/auc-brandshop-purely/	7,480円	【送料無料】 コーチ CO-F23553-SVDK6-1【並行輸入品】 	https://item.rakuten.co.jp/biccamera/4941547872674/?l2-id=pdt_shoplist_title#11835876	楽天ビック	https://item.rakuten.co.jp/biccamera/4941547872674/?l2-id=pdt_shoplist_stext#11835876	14,904 円
【ポイント6倍以上！】ルイヴィトン　財布　LOUIS VUITTON　ヴィトン　LV　モノグラム　長財布　ファスナー長札　ポルトフォイユ・サラ　M60531　新型　【あす楽対応】【smtb-k】【w2】【YDKG-tk】【RCP】 楽天カード分割	https://item.rakuten.co.jp/kaitsukedoh/m60531/	買付道-JJブランド専科-	https://www.rakuten.co.jp/kaitsukedoh/	78,840円	LOUIS VUITTON ルイヴィトン 二つ折り長財布 ポルトフォイユサラ モノグラム M60531 new【あす楽対応】【あす楽_土曜営業】【あす楽_日曜営業】【あす楽_年中無休】 	https://item.rakuten.co.jp/auc-xapiz/new-lv-m60531/?l2-id=pdt_shoplist_title#10011246	ブランドショップカリス	https://item.rakuten.co.jp/auc-xapiz/new-lv-m60531/?l2-id=pdt_shoplist_stext#10011246	74,800 円
【ポイント6倍以上！】ルイヴィトン　財布　LOUIS VUITTON　ヴィトン　LV　モノグラム　長財布　ファスナー長札　ポルトフォイユ・サラ　M60531　新型　【あす楽対応】【smtb-k】【w2】【YDKG-tk】【RCP】 楽天カード分割	https://item.rakuten.co.jp/kaitsukedoh/m60531/	買付道-JJブランド専科-	https://www.rakuten.co.jp/kaitsukedoh/	78,840円	ルイヴィトン 長財布 モノグラム ポルトフォイユ・サラ M60531 LOUIS VUITTON ヴィトン 財布 （2件） 	https://item.rakuten.co.jp/grare/m60531/?l2-id=pdt_shoplist_title#11475044	ギャラリーレア楽天市場店	https://item.rakuten.co.jp/grare/m60531/?l2-id=pdt_shoplist_stext#11475044	74,800 円
【ポイント6倍以上！】ルイヴィトン　財布　LOUIS VUITTON　ヴィトン　LV　モノグラム　長財布　ファスナー長札　ポルトフォイユ・サラ　M60531　新型　【あす楽対応】【smtb-k】【w2】【YDKG-tk】【RCP】 楽天カード分割	https://item.rakuten.co.jp/kaitsukedoh/m60531/	買付道-JJブランド専科-	https://www.rakuten.co.jp/kaitsukedoh/	78,840円	LOUIS VUITTON ルイヴィトン 財布 M60531 モノグラム ポルトフォイユ・サラ （1件） 	https://item.rakuten.co.jp/lovelove/2700000931875/?l2-id=pdt_shoplist_title#10489128	GINZA LoveLove（銀座ラブラブ）	https://item.rakuten.co.jp/lovelove/2700000931875/?l2-id=pdt_shoplist_stext#10489128	78,840 円
【ポイント6倍以上！】ルイヴィトン　財布　LOUIS VUITTON　ヴィトン　LV　モノグラム　長財布　ファスナー長札　ポルトフォイユ・サラ　M60531　新型　【あす楽対応】【smtb-k】【w2】【YDKG-tk】【RCP】 楽天カード分割	https://item.rakuten.co.jp/kaitsukedoh/m60531/	買付道-JJブランド専科-	https://www.rakuten.co.jp/kaitsukedoh/	78,840円	【ポイント6倍以上！】ルイヴィトン　財布　LOUIS VUITTON　ヴィトン　LV　モノグラム　長財布　ファスナー長札　ポルトフォイユ・サラ　M60531　新型　【あす楽対応】【smtb-k】【w2】【YDKG-tk】【RCP】 楽天カード分割 （17件） 	https://item.rakuten.co.jp/kaitsukedoh/m60531/?l2-id=pdt_shoplist_title#10010408	買付道-JJブランド専科-	https://item.rakuten.co.jp/kaitsukedoh/m60531/?l2-id=pdt_shoplist_stext#10010408	78,840 円
【ポイント6倍以上！】ルイヴィトン　財布　LOUIS VUITTON　ヴィトン　LV　モノグラム　長財布　ファスナー長札　ポルトフォイユ・サラ　M60531　新型　【あす楽対応】【smtb-k】【w2】【YDKG-tk】【RCP】 楽天カード分割	https://item.rakuten.co.jp/kaitsukedoh/m60531/	買付道-JJブランド専科-	https://www.rakuten.co.jp/kaitsukedoh/	78,840円	LOUIS　VUITTON 　ルイヴィトン　モノグラム　ポルトフォイユ サラ　小銭入れ付長財布　M60531【送料無料】【05P03Dec16】 （3件） 	https://item.rakuten.co.jp/j-sekine/10007461/?l2-id=pdt_shoplist_title#10007461	ジュエリーセキネ	https://item.rakuten.co.jp/j-sekine/10007461/?l2-id=pdt_shoplist_stext#10007461	82,080 円
【ポイント6倍以上！】ルイヴィトン　財布　LOUIS VUITTON　ヴィトン　LV　モノグラム　長